https://aaaa.example.com,あああサンプル
https://iiii.example.com,いいいサンプル
https://uuuu.example.com,うううサンプル
https://aaaa.example.com,あああサンプル
https://iiii.example.com,いいいサンプル
https://uuuu.example.com,うううサンプル
https://aaaa.example.com,あああサンプル
https://iiii.example.com,いいいサンプル
https://uuuu.example.com,うううサンプル
https://aaaa.example.com,あああサンプル
https://iiii.example.com,いいいサンプル
https://uuuu.example.com,うううサンプル
https://aaaa.example.com,あああサンプル
https://iiii.example.com,いいいサンプル
https://uuuu.example.com,うううサンプル
https://aaaa.example.com,あああサンプル
https://iiii.example.com,いいいサンプル
https://uuuu.example.com,うううサンプル
https://aaaa.example.com,あああサンプル
https://iiii.example.com,いいいサンプル
https://uuuu.example.com,うううサンプル
https://aaaa.example.com,あああサンプル
https://iiii.example.com,いいいサンプル
https://uuuu.example.com,うううサンプル
https://aaaa.example.com,あああサンプル
https://iiii.example.com,いいいサンプル
https://uuuu.example.com,うううサンプル
https://aaaa.example.com,あああサンプル
https://iiii.example.com,いいいサンプル
https://uuuu.example.com,うううサンプル
https://aaaa.example.com,あああサンプル
https://iiii.example.com,いいいサンプル
https://uuuu.example.com,うううサンプル
https://aaaa.example.com,あああサンプル
https://iiii.example.com,いいいサンプル
https://uuuu.example.com,うううサンプル
https://aaaa.example.com,あああサンプル
https://iiii.example.com,いいいサンプル
https://uuuu.example.com,うううサンプル